엄진호,광주광역시 서구 논현가,52216,이황,약사 및 한약사,054-815-5480,cgim@example.net,seoyuncoe,192.168.190.193,4.168.158.59,최전방 스며든 패러다임,Gainsboro
김준영,부산광역시 중랑구 양재천7거리 (은주이면),53640,유한회사 최,하역 및 적재 단순 종사원,064-714-6217,jiminseong@example.com,goseohyeon,172.26.138.241,223.185.187.235,자동화된 5세대 지원,Black
박병철,대전광역시 성동구 테헤란824가,15039,(주) 이,통신 및 방송송출 장비 기사,033-339-2958,miyeong89@example.org,coeyeongja,192.168.214.143,162.34.220.212,융합된 고단계 GUI,Blue
김준영,충청북도 홍성군 서초대913길 (윤서박리),78339,박김최,양식원,033-473-6523,ceom@example.com,ryuyeongho,172.23.211.9,121.139.134.22,다양한 스며든 예보,SpringGreen
최재호,광주광역시 관악구 도산대083거리 (서영이이면),02583,송이,위관급,052-380-4918,hyeonjuni@example.com,jeonghuni,192.168.55.215,193.133.67.160,멀티 채널 상황에 맞는 생산 능력,Lavender
이동현,경기도 부천시 원미구 강남대8길 (영미차김동),70947,주식회사 이한한,건설자재 시험원,018-137-6331,jongsu40@example.net,yeweon91,192.168.149.137,192.106.68.180,총 실시간 배열,DarkSeaGreen
김준서,충청남도 평택시 선릉로 (서준심마을),66258,이이,판금기 조작원,02-5313-5168,isunog@example.net,ieunju,10.213.66.45,220.0.129.82,줄어든 4세대 인트라넷,DarkRed
이하은,울산광역시 서대문구 영동대거리 (영진이권리),84991,이박김,단조원,017-415-4110,hanjiyeong@example.net,dohyeon69,192.168.153.171,168.66.31.115,복제된 클라이언트-서버 엑스트라넷,DimGray
김수민,충청북도 부여군 서초대로,51438,박이,병무행정 사무원,054-930-2372,abag@example.org,pgim,192.168.86.71,107.209.139.55,융합된 실행 분석,SteelBlue
한시우,경상북도 옥천군 오금742로,21640,주이이,조경원,041-573-7689,rgim@example.com,jeongungnam,192.168.157.13,172.42.31.102,변경 가능한 백그라운드 데이터베이스,Gray
지예진,세종특별자치시 북구 역삼6길,40360,한남,국악 및 전통예능인,031-716-4055,myeongjayu@example.net,acoe,192.168.49.18,128.34.137.30,디지털화된 멀티 태스킹 환경,GoldenRod
장정웅,부산광역시 중랑구 테헤란거리 (중수황마을),61360,한이황,시스템 소프트웨어 개발자,043-082-3762,sunogi@example.com,siugim,192.168.110.36,62.41.175.201,중심이 무관용 그룹웨어,DarkGoldenRod
남영길,세종특별자치시 성북구 봉은사거리 (민재문이리),02335,김한,광원/채석원 및 석재 절단원,053-027-1686,jiweonu@example.org,jihungim,172.26.232.62,128.134.138.241,무결점의 결합된 그룹웨어,Olive
이영식,서울특별시 강서구 압구정77로 (숙자장동),67285,이양김,투자 및 신용 분석가,054-235-7560,minjii@example.net,eunyeong28,10.167.18.19,214.0.138.84,융합된 분리형 아카이브,Ivory
차승현,충청북도 속초시 반포대가,44297,(주) 최강윤,환경 미화원 및 재활용품 수거원,051-035-6004,ggang@example.net,byeongceolgim,172.28.129.68,125.180.20.90,크로스 그룹 결정 그래픽 인터페이스,Silver
권순자,대전광역시 동대문구 양재천616길 (수민김면),75549,이김안,보험 및 금융 관리자,070-6374-1176,junseo01@example.net,bagjeongja,10.150.49.202,188.240.144.231,공개 키 근본적 허브,OldLace
이경자,경상북도 강릉시 학동826로,31941,문김송,모피 및 가죽의복 제조원,011-188-6425,ygim@example.com,jaeho19,192.168.83.255,149.74.40.1,미래가 보장된 근본적 데이터베이스,PeachPuff
조진호,충청북도 서산시 학동로 (은경이동),89002,(주) 김안백,수의사,042-545-7481,yujinson@example.com,seoyeonna,10.165.183.188,164.183.180.84,조직화된 그리드 가능 모델,Aquamarine
박예원,세종특별자치시 성동구 서초중앙거리 (은주이면),83862,(유) 김서박,고객 상담 및 모니터 요원,053-127-8331,sanghyeonbaeg@example.com,myeongsug05,192.168.228.188,17.239.117.125,출판된 4세대 축적,Bisque
홍명자,대구광역시 동구 압구정7거리,69496,유한회사 지,낙농업관련 종사원,051-742-7616,gimminjun@example.net,jeonghun87,10.172.229.74,152.129.92.21,유기농 국가적 관리자,LightCoral
김서윤,부산광역시 은평구 반포대길 (서연문김리),36733,홍안,보일러 설치 및 정비원,062-007-7698,jaehyeongim@example.net,ki,10.113.71.56,218.222.106.149,단체 기반의 클라이언트-서버 웹 사이트,SandyBrown
배지아,광주광역시 마포구 가락068가 (미정류이마을),75840,배전양,아나운서 및 리포터,010-9519-3187,eunjuo@example.com,seohyeon07,192.168.38.129,181.111.252.112,완벽히 설정된 고단계 고객 만족,Chocolate
박예지,강원도 청주시 흥덕구 서초대841길 (동현이면),48850,최김,의지보조기기사,041-209-0619,geonu01@example.com,miyeonghwang,172.27.183.58,171.147.28.175,크로스 그룹 분석중인 아카이브,HotPink
김성수,전라북도 천안시 서북구 테헤란가 (하윤손서마을),90248,김김,기타 기능관련 종사원,042-098-0554,bbag@example.com,migyeong74,192.168.62.26,55.223.253.253,업그레이드 가능한 결정 정의,Magenta
배수민,부산광역시 강북구 언주거리 (영미강오면),48846,김임,건설 및 광업 관련 관리자,054-945-7949,jimin38@example.com,junseo38,192.168.97.91,65.151.219.238,진보적인 휴리스틱 인공지능,Maroon
박은정,경상남도 춘천시 잠실332가,22117,고김,식품공학 기술자 및 연구원,041-034-6407,yeonggiljo@example.org,baghyeonji,10.81.93.32,208.63.202.38,다중 주파수 결정 암호화,MediumBlue
김지은,인천광역시 동대문구 테헤란9가 (은주김김읍),28524,박홍,위관급,053-555-3758,junseo64@example.org,yeonggilhan,172.19.51.44,221.202.221.207,진보적인 정적 예보,Turquoise
손정호,경기도 아산시 논현15로,05779,김윤박,재단사,011-914-8639,seonghyeon47@example.net,fseo,192.168.226.159,40.209.188.126,총 무관용 프레임,Beige
최예지,경기도 보은군 역삼8가 (승현김이면),92244,(주) 김차최,생산 및 품질 관리 사무원,032-161-4651,ucoe@example.org,eunjuseong,192.168.14.244,182.164.151.114,더 작아진 가치추가 LAN,Green
최수빈,경상남도 청양군 백제고분길 (경자손마을),91805,서한,냉동/냉장 /공조기 설치 및 정비원,033-130-6154,pheo@example.com,geonugim,192.168.98.232,123.47.191.226,조직화된 멀티미디어 암호화,Yellow
